Name,2015_revenue,2015_expenses,2015_profit,2015_growth
Rankfind,11210769.07,1837223.32,9373545.75,7.84
Matelectronics,12683504.31,3205936.14,9477568.17,7.76
Wimpleddrift,8836311.51,4138631.97,4697679.54,7.69
Baileycrowd,9366573.32,1619482.75,7747090.57,7.21
Salttrans,7346281.01,3298689.94,4047591.06,7.08
Voleworry,11764440.5,3706678.9,8057761.6,6.91
Recognisedwimp,12988345.12,3047195.76,9941149.36,6.72
Indigoit,11942060.72,5349385.32,6592675.41,6.56
Goblaces,7624262.75,5974066.33,1650196.43,6.47
Overstridden,9121713.26,1422672.0,7699041.26,6.43
Oilyrhyolite,10089903.06,4309359.38,5780543.67,6.41
Glaciertolerant,8174842.53,4696021.97,3478820.56,6.4
Allowuntidy,4528392.57,2309345.32,2219047.25,6.29
Messrs,9542791.93,6013866.05,3528925.88,6.28
Factsworldcup,8830547.47,1709799.96,7120747.52,6.26
Zun-Ex,13535564.29,6222750.14,7312814.16,6.22
Quadice,5627074.1,1693553.34,3933520.76,6.2
Goldenware,8557192.85,2344939.49,6212253.35,6.17
Calmbus,9965955.28,3048562.17,6917393.11,6.11
Appaloosasmiling,10744688.15,4750543.08,5994145.07,5.98
Placehospitable,12576492.86,1925320.82,10651172.04,5.95
Hot-Electrics,12214067.92,1412141.65,10801926.27,5.95
Fooljuicer,5576013.7,5459810.33,116203.37,5.94
Gogotax,5653904.85,6877747.31,-1223842.47,5.93
Zumma-Lane,11468967.83,4088478.4,7380489.43,5.91
Cityace,9254614.34,4249498.21,5005116.13,5.91
Biotain,11642542.58,4781279.65,6861262.93,5.91
Zathtechi,7187774.8,2286091.68,4901683.12,5.86
Techlux,8800945.76,2141374.37,6659571.39,5.85
Quotecity,10878836.69,3974483.24,6904353.45,5.84
Damelectrics,11710705.71,3828134.4,7882571.3,5.78
Medkix,7069939.35,1498470.48,5571468.87,5.78
Sandhillrisk,7664063.21,2447208.51,5216854.7,5.75
Frayedintrigue,7846678.25,1435102.62,6411575.63,5.74
Kanlux,10868248.98,4854786.76,6013462.21,5.68
Turboprop,10665971.74,3533350.38,7132621.36,5.65
Blacklane,10359369.13,4631808.13,5727561.0,5.64
Indihow,8189501.89,3451948.85,4737553.04,5.63
Zathhow,7232097.8,5166523.28,2065574.52,5.63
Geocom,9442767.87,4380960.93,5061806.94,5.63
Damedash,5215834.53,5877332.61,-661498.08,5.61
Drilldrill,8800619.95,2785798.89,6014821.06,5.6
Blendplacid,10581244.85,3680005.91,6901238.94,5.6
Fadalert,11851513.49,4057418.12,7794095.37,5.6
Donplus,7798447.11,3206651.6,4591795.52,5.6
Snugglyundertaker,9467050.59,3281019.2,6186031.39,5.59
Aminoshag,5702051.22,3939168.94,1762882.28,5.59
Drilllane,10240157.7,1367678.29,8872479.41,5.58
Rezumfind,9024010.11,3101951.55,5922058.55,5.57
D-Zoocare,7153439.82,4445885.48,2707554.34,5.57
Currymercurial,11221821.37,3573280.44,7648540.92,5.56
K-Tone,9593897.75,4884583.77,4709313.98,5.55
Lexitrans,9152250.62,6653817.61,2498433.01,5.54
Haggardfink,9044669.15,3454626.65,5590042.5,5.54
Interquarrelling,14732949.89,6145134.04,8587815.85,5.54
Villadox,8651649.3,1097352.73,7554296.57,5.54
Curlgadolinium,11609079.12,6045030.45,5564048.67,5.53
Zimdex,4475874.04,2054338.02,2421536.02,5.53
Wightmuon,6773124.31,7957743.42,-1184619.11,5.52
Joblab,10216791.86,2436059.69,7780732.16,5.52
Y-Corporation,7583283.98,3736574.12,3846709.86,5.5
Truesaokix,12507073.7,3705847.0,8801226.71,5.5
Mediagreen,7480998.43,758416.2,6722582.23,5.5
Bluefan,8789561.22,7224844.11,1564717.11,5.5
Precincts,7000186.65,1394333.24,5605853.41,5.49
Electionslaunch,9790903.45,4364350.5,5426552.95,5.49
Poxhewn,9884269.8,6588341.81,3295927.99,5.48
Judgemicrosoft,11093093.77,3724605.4,7368488.37,5.46
E-Care,8365394.13,5976072.71,2389321.42,5.46
Kayis,9264749.63,1232980.33,8031769.3,5.45
Grippingstirring,4419276.71,4890906.39,-471629.68,5.43
Unadex,6231275.38,2388520.65,3842754.72,5.42
Ganjafan,8732984.61,5294264.55,3438720.06,5.42
Bigfan,10386159.32,3093396.74,7292762.58,5.42
Sternlinguistic,8047083.84,2413537.54,5633546.3,5.4
Volhouse,9359151.16,3627535.85,5731615.31,5.38
Glandminer,8065626.31,2501327.38,5564298.93,5.38
Allongie,8749447.29,4245496.2,4503951.09,5.38
Hotis,9262832.21,5770554.05,3492278.17,5.37
Shadefronted,12242397.44,1381925.27,10860472.17,5.37
Transcon,7442320.73,4198561.97,3243758.77,5.37
Auctiongoogle,10299827.07,187654.54,10112172.53,5.36
Reliablepaver,16810051.07,3354028.81,13456022.27,5.36
Schnitzelfields,9984254.88,5916942.36,4067312.52,5.36
Lineity,8621836.92,1359224.25,7262612.67,5.35
Acetrans,7277510.97,3491485.05,3786025.92,5.35
Opetechno,9898287.81,5885438.85,4012848.97,5.34
Beetleheaded,8109836.81,4971120.07,3138716.75,5.34
Sparsegaiters,11146688.76,3546462.73,7600226.03,5.32
Elongationmanagerial,10299964.66,3024480.51,7275484.15,5.31
Fungreen,7892566.43,6223771.75,1668794.68,5.31
Cribcaused,7020222.78,5683236.38,1336986.4,5.31
Tantalous,7950946.55,879524.68,7071421.87,5.3
Zenzootrax,7837544.5,4466041.96,3371502.53,5.3
O-Zimron,7939309.46,7535865.16,403444.3,5.3
Cardinalsmacked,10246854.12,544542.46,9702311.66,5.28
Slicerseptum,9775285.56,4510084.45,5265201.1,5.28
Mesontrekking,7538439.07,5334742.29,2203696.78,5.27
Delaycarriage,10172150.55,3694395.29,6477755.26,5.27
Keycone,8951130.88,4213650.34,4737480.54,5.26
Countslovenly,8380366.97,8213904.83,166462.14,5.25
Excellencerecent,10611567.38,5617420.24,4994147.13,5.25
Cosmicdiving,5042351.97,7184605.39,-2142253.42,5.25
Armet,8271015.62,4401346.58,3869669.04,5.24
Infectedduck,10417061.67,4118312.1,6298749.57,5.24
Millrind,9911498.72,3994598.63,5916900.1,5.22
Flaskssunny,8589861.97,214469.61,8375392.36,5.22
Regexsay,7642133.15,4995466.57,2646666.58,5.22
Anarchical,8818758.55,4385105.19,4433653.36,5.21
Xx-Com,13533082.98,2163835.56,11369247.43,5.21
Sanfan,12127884.73,3971036.33,8156848.4,5.2
Shrimpssecurity,7919278.12,4355504.34,3563773.78,5.2
Portlyroomy,7707034.54,4887546.51,2819488.03,5.2
Lexila,12456641.64,2149297.0,10307344.65,5.2
Bloomingpeeve,9770891.5,4452035.53,5318855.97,5.19
Pluggedword,10380676.04,3107319.84,7273356.2,5.19
Lardfaceimproper,4095195.25,6966310.67,-2871115.42,5.19
Overrestraint,9754057.11,8833010.94,921046.17,5.19
Newjofix,10339863.42,3415311.67,6924551.75,5.19
Trans-Dexon,9447285.37,3498324.6,5948960.77,5.19
Crazyclausius,10699394.6,2656134.9,8043259.7,5.18
Tryfanscaly,8456969.63,6736439.04,1720530.59,5.17
Mattouch,9026933.51,7429377.01,1597556.5,5.17
Proficientpages,6241038.71,3899068.19,2341970.52,5.16
Monkeylittle,6161385.62,5411675.29,749710.33,5.16
Fennelleaves,6739498.59,3070113.59,3669385.01,5.16
Saltstreet,9219294.49,6235328.25,2983966.24,5.15
Plankoblateness,6879063.35,6575556.89,303506.46,5.15
Eremenko,9445632.81,5162905.07,4282727.74,5.15
Kaysolodex,8310294.02,5879731.12,2430562.9,5.13
Onlytilted,13628925.54,5342939.41,8285986.13,5.13
X-Lax,6340279.51,3794812.92,2545466.59,5.11
Genusequ,8498463.51,5741772.72,2756690.79,5.09
Mountinggregarious,10042479.24,429829.73,9612649.51,5.09
Scarygout,7819708.18,5553767.01,2265941.18,5.09
Forcepdark,7159823.68,5768330.56,1391493.12,5.08
Ganzhex,5307243.15,2439136.82,2868106.33,5.08
Ranquote,7147362.91,7206339.82,-58976.91,5.08
Domtam,10795732.71,821994.15,9973738.56,5.08
Lucrepickled,7894933.2,3512394.78,4382538.42,5.07
Dyneinbulbous,7981287.73,2270633.84,5710653.89,5.07
Rankcone,6036943.64,8837188.08,-2800244.43,5.07
Launchingillusion,7205546.78,4861974.63,2343572.16,5.06
Muttletpocket,10416308.73,7560118.6,2856190.14,5.06
Rattlemurrelet,7496334.01,6186394.38,1309939.62,5.05
Kolozsv,11282386.35,4321511.64,6960874.71,5.04
Cabinetswainson,8939613.06,2611767.71,6327845.34,5.04
Ganymedeunique,6687379.89,1662557.74,5024822.15,5.03
Sanzatrax,6219994.59,4489462.66,1730531.93,5.02
Ittech,6133738.74,6544488.29,-410749.54,5.02
Asynchronous,8720504.11,632756.03,8087748.08,5.01
Sonredtam,8016384.99,9330201.92,-1313816.93,5.01
Greenfan,10228293.53,5751231.64,4477061.89,5.01
Zummacane,5014464.92,2598021.92,2416443.01,5.0
Rustyentertain,9646814.72,1680822.6,7965992.11,5.0
Freshholdings,10492863.7,392916.71,10099946.99,4.98
Hostileglove,8736304.71,4299102.42,4437202.29,4.98
Williamsport,9366415.6,3084696.74,6281718.86,4.97
Knuckleheadexamples,11620304.15,6624312.55,4995991.6,4.97
Formulasfunnels,7622169.7,4491556.14,3130613.55,4.96
Happinesspineapple,11682563.39,6568198.95,5114364.43,4.96
Pricklemisfits,8987880.55,3760581.13,5227299.42,4.96
Randrill,8239229.47,5802234.81,2436994.66,4.96
Plexfix,7404128.73,6015274.94,1388853.8,4.96
Porkpuddings,8112482.25,3432121.51,4680360.74,4.95
Kidsdoylt,9926310.16,2214088.14,7712222.02,4.95
Lexiholding,6595798.2,4917351.44,1678446.76,4.95
Alphacane,5903763.39,5873665.81,30097.59,4.95
Dancane,8556024.49,3513209.18,5042815.31,4.95
Equalityshape,6324593.06,7220454.63,-895861.57,4.95
Pickaxestiming,6682551.03,2457209.09,4225341.94,4.94
Lathotline,9418302.78,7567232.7,1851070.07,4.94
Langedprivacy,11398400.21,4562047.87,6836352.34,4.93
Rowsitem,7323171.19,4126472.17,3196699.01,4.93
Technodexon,12554382.66,3538666.94,9015715.73,4.93
Circinuscategory,9920254.67,5274250.8,4646003.87,4.93
Trantraxlax,11088335.91,4635276.43,6453059.48,4.92
Ozerholdings,7411035.41,5207963.99,2203071.42,4.91
Tubeverest,8116525.7,596967.14,7519558.56,4.91
Snakechallenges,11262613.64,6819373.16,4443240.49,4.91
Bollersimmigrate,7780799.87,3651130.58,4129669.29,4.9
Optimismexterior,8427019.81,4316631.58,4110388.24,4.9
Announcesbuck,6146640.14,4390259.57,1756380.57,4.89
Lambam,6950148.2,4365512.46,2584635.75,4.88
Indigoplanet,7805452.21,4626275.39,3179176.82,4.88
Detritaldartford,8873078.28,6319832.79,2553245.5,4.88
Thamesringed,8596884.58,4214179.27,4382705.31,4.88
Sumtechi,10805553.74,1944899.62,8860654.12,4.88
Magnesiumrocked,10530776.62,2385899.73,8144876.89,4.88
Ganzlux,8230012.18,5454787.58,2775224.6,4.88
Vilait,5691853.1,3250699.99,2441153.1,4.88
Georedfase,8165222.36,810126.13,7355096.24,4.87
Atrophymonsters,7166127.17,7827495.69,-661368.52,4.87
Kincon,13239281.71,2973756.96,10265524.75,4.86
Dullbocce,11210858.03,4323160.29,6887697.74,4.86
Landmarksbutters,8330995.63,4086523.06,4244472.57,4.86
Vilacan,10916974.82,5973654.15,4943320.68,4.85
Alleluiatic,7923323.86,2717232.93,5206090.93,4.85
Interfaceaboard,6801628.74,2239823.35,4561805.39,4.85
K-Job,7008968.73,3517339.72,3491629.01,4.85
Causedunsure,8047541.45,4402984.28,3644557.17,4.85
Admonishbadelynge,9528494.75,3117953.09,6410541.66,4.85
Canuvula,12663540.75,4681764.26,7981776.49,4.84
Dongreen,9919199.63,2918250.62,7000949.01,4.83
Dragonnode,9649797.18,5757388.18,3892408.99,4.83
Motorearth,9751833.05,4218905.5,5532927.55,4.83
Berserkfluther,11076186.96,6334621.07,4741565.89,4.82
Overfrequency,9735773.12,3262227.2,6473545.91,4.82
Acutegreaseproof,8042933.29,993786.78,7049146.5,4.81
Bignumadept,7861100.96,4068629.7,3792471.26,4.81
Sparrowchorizo,8163038.48,3439228.49,4723810.0,4.8
Subaverage,7577637.07,8662529.77,-1084892.7,4.79
Berateupdates,7985017.5,4773242.35,3211775.15,4.79
Gravecon,9477347.1,6237986.96,3239360.13,4.78
Tragicultra,9681921.1,3593982.34,6087938.76,4.78
Insaoplex,10992478.48,3355302.74,7637175.74,4.77
Istone,5424720.25,461975.12,4962745.12,4.77
Crohnpurchasing,7783325.94,3020880.29,4762445.66,4.77
It-Ity,8407359.42,1802970.48,6604388.93,4.77
Canstrip,11311771.27,2421284.42,8890486.84,4.77
Chestnutanorexia,8333539.55,5025147.6,3308391.94,4.77
Pomiculturist,6040353.32,7221104.21,-1180750.88,4.76
Peskyevaluate,8011610.64,4284409.52,3727201.12,4.76
Rank-Fix,9063920.78,1481218.52,7582702.26,4.76
Busylivid,7253810.88,3373541.97,3880268.9,4.76
Turbulentbridle,10687896.79,3544193.95,7143702.84,4.75
Assuredcarbon,9401137.77,6368406.85,3032730.91,4.74
Vivaity,7529147.74,3147929.29,4381218.45,4.74
Lamdombase,11428456.58,5595183.13,5833273.45,4.74
Nitrogenwoodlark,7262552.11,2968768.35,4293783.76,4.73
Zumlam,4657494.42,2818486.48,1839007.93,4.72
Lalane,10461526.04,4934351.26,5527174.79,4.72
Potiondecathlon,7247815.17,4859317.85,2388497.32,4.72
Nervousdispatcher,4955439.13,629477.05,4325962.08,4.72
Chiselledcarpal,9187835.66,4351544.94,4836290.72,4.71
Willinghungarian,8246052.46,6483169.6,1762882.86,4.71
Gravedengue,8312363.76,6364909.97,1947453.79,4.71
Groovecorporation,6812340.37,1268067.04,5544273.33,4.71
Represswellington,9969792.98,3572741.89,6397051.09,4.7
Chenopod,8699079.54,3620494.13,5078585.41,4.7
Techdrill,10573989.85,5435362.79,5138627.06,4.7
Physgreen,10376896.73,2724847.36,7652049.37,4.7
Flakesmingling,6047508.82,2563659.06,3483849.77,4.7
Miscutting,10115274.02,5731631.89,4383642.13,4.7
Subtletymosaic,8709591.28,4515537.82,4194053.46,4.7
Whitefase,8492524.4,2714282.69,5778241.71,4.69
O-Touch,9521726.92,3669857.66,5851869.26,4.69
Zirconyl,9039117.64,6796983.67,2242133.97,4.69
Domphase,7361115.86,4029599.52,3331516.34,4.69
Flextone,8335149.24,4494384.34,3840764.9,4.69
Athleticsstriker,8298584.45,5587278.8,2711305.66,4.68
Care-La,7266698.44,3081061.72,4185636.72,4.68
Cyclasesvg,7141472.44,4362686.15,2778786.29,4.67
Pointingfunds,7514080.31,3355095.22,4158985.09,4.67
Heinzvolary,8725745.45,1477539.51,7248205.94,4.67
Tristone,11755980.04,3476281.12,8279698.92,4.67
Slumpeaster,12232950.55,6605488.27,5627462.27,4.67
Hotlax,6473628.19,2599091.33,3874536.85,4.66
Streettaxon,11817252.46,1096684.27,10720568.19,4.65
Goodmatlab,8388784.08,3000547.97,5388236.11,4.65
Nimcare,8591445.24,5005625.24,3585820.0,4.65
Purchasecrouton,10894633.41,4704083.35,6190550.06,4.65
Loocloning,9346039.08,3049305.81,6296733.28,4.64
Sunviaway,1614585.24,4323005.0,-2708419.76,4.64
Treeelectrics,12208677.7,4536775.01,7671902.68,4.64
Triotexon,10339798.45,1298258.06,9041540.39,4.63
Sanguineprove,8841807.84,7254053.94,1587753.9,4.63
Stiming,4779076.32,594697.8,4184378.53,4.63
Friendlego,9176783.37,4279254.85,4897528.51,4.62
Dessertsanchovy,11059460.93,3744276.62,7315184.3,4.62
Snashacceptor,8328299.92,5775683.67,2552616.25,4.62
Thrushemillwright,11215144.74,1802685.36,9412459.38,4.62
Tamqvocone,9045108.12,5727397.03,3317711.09,4.61
Icezunzim,6150396.88,6274357.8,-123960.92,4.61
Relishtreasure,9959048.77,432738.33,9526310.44,4.61
Parkourwoodchat,7853704.5,6339351.82,1514352.68,4.61
Fatsohealth,7239406.25,5665024.17,1574382.08,4.61
Studyingforty,8025209.29,2720831.5,5304377.79,4.61
Mediahex,9772570.02,3685640.13,6086929.89,4.6
Spandom,9127162.59,3885105.74,5242056.85,4.6
Sun-In,8375924.0,5299483.0,3076441.01,4.6
Vaialane,12532632.25,6148450.63,6384181.61,4.6
E-Can,6218086.33,4958881.02,1259205.31,4.59
Isstreets,8125954.02,2355699.6,5770254.42,4.58
Hayloftmizuna,15312301.78,4137907.18,11174394.6,4.58
Loosepause,10008935.13,5285445.43,4723489.7,4.58
Indigolane,7165091.69,6999550.84,165540.84,4.57
Meddlesomepushy,6892920.75,367677.18,6525243.57,4.57
Fincorporation,11511148.09,1778029.69,9733118.4,4.57
Circlechop,10067070.27,5929827.72,4137242.55,4.56
Dripcane,12431007.13,2153034.84,10277972.29,4.55
Rageenvious,7501734.0,3330828.71,4170905.3,4.55
Sumice,6697300.27,5654471.97,1042828.3,4.55
Betais,7517506.5,4304314.95,3213191.55,4.54
Measuresflipping,9730456.79,7832472.66,1897984.13,4.54
Homologize,7336227.81,9544997.18,-2208769.38,4.54
Indiin,11870344.08,1259826.39,10610517.68,4.53
Hottam,10422075.45,1875019.53,8547055.92,4.52
Insistentrhinoceros,9436736.77,1921913.07,7514823.7,4.52
Bastingconverse,12133831.84,3344231.34,8789600.5,4.52
Queryinghovers,13121871.73,2745473.88,10376397.85,4.52
Badgeless,10297395.34,4083751.95,6213643.39,4.52
Crunchabout,5577372.64,2895975.12,2681397.52,4.52
Yearflex,9567909.51,4374840.85,5193068.66,4.51
Roundla,15252672.81,628139.32,14624533.49,4.51
Cylinderscurve,8735169.4,2725553.43,6009615.97,4.51
Charmdrone,7308411.09,10869101.1,-3560690.02,4.51
Superepoch,10253910.57,7592416.59,2661493.98,4.51
Openstrustee,11666249.47,7344982.4,4321267.07,4.5
Temptechno,9636801.34,4591340.13,5045461.21,4.5
Biokaycane,9802438.27,5568390.51,4234047.76,4.5
Honeycombdistressed,7173711.63,6403269.53,770442.1,4.5
Wingfluther,11486747.15,7617622.94,3869124.21,4.5
Ortonville,13472151.79,5121359.95,8350791.84,4.5
Christiecountry,6810094.2,3876644.16,2933450.05,4.49
Fatsodean,8462730.75,5835513.94,2627216.82,4.49
Zimtech,9687894.11,3853781.18,5834112.93,4.49
Saofintone,9559177.44,2841578.78,6717598.66,4.49
Quickpolls,10197161.29,307928.06,9889233.23,4.48
Clasticmach,10501868.94,968517.83,9533351.11,4.48
Allpossible,6949706.4,689160.81,6260545.59,4.48
Stovepuck,11814974.82,5904501.9,5910472.92,4.47
Zapdex,9055024.75,4259167.0,4795857.75,4.47
Lamcare,7547716.18,5232913.04,2314803.14,4.47
Med-City,10488576.7,5637041.94,4851534.76,4.47
Weyrhandlers,9524048.55,7954887.52,1569161.03,4.47
Falterfeline,8221812.27,4104330.72,4117481.55,4.47
Zummalux,10729022.07,3113479.41,7615542.66,4.47
Fraternal,8811824.5,4665587.17,4146237.33,4.47
Annoyingsmack,11835820.05,3315405.62,8520414.43,4.46
Rmsvivid,8011063.23,1207465.59,6803597.63,4.45
Scot-Lex,7975995.59,4097491.03,3878504.56,4.45
Vivacode,9410642.44,4117102.43,5293540.01,4.45
Basemuddled,8100135.72,3661646.68,4438489.04,4.45
Theirordered,9525187.4,5987803.74,3537383.66,4.44
Black-Tax,5166323.97,3772942.03,1393381.94,4.44
Indicated,9214597.98,5744504.38,3470093.6,4.44
Restrainthomerun,8522560.61,5647178.12,2875382.49,4.43
Sunsaolax,7151103.07,3835472.97,3315630.1,4.43
Bevvyvanadium,7168272.49,682467.98,6485804.51,4.43
Outbraving,9116941.71,3747352.09,5369589.62,4.42
Xx-Bam,15229411.03,2327339.04,12902071.99,4.41
Ining,11022415.11,1810515.81,9211899.3,4.41
Canesailfax,7806395.34,5364670.32,2441725.02,4.41
Remembergabbro,10878578.46,4515112.29,6363466.17,4.41
Toughfix,10360477.7,1411966.42,8948511.27,4.41
Dillimported,9724729.57,7712295.87,2012433.7,4.4
Studycanadian,8923309.8,2337543.9,6585765.9,4.4
Twistedelephant,11917212.64,2814394.06,9102818.58,4.4
Disney,6574545.81,4649376.29,1925169.51,4.39
Frillyshaving,8860540.32,2442825.52,6417714.8,4.39
Lamtone,6757017.7,6482465.45,274552.25,4.39
Indigoholding,9812557.85,4684562.7,5127995.15,4.39
Ganzlax,9001179.91,5480069.12,3521110.79,4.39
Weedycavus,8587452.65,5405470.15,3181982.5,4.39
Zotjoit,8878987.79,5541102.44,3337885.34,4.39
Totallyzonked,7506218.65,6688379.06,817839.6,4.39
Hex-Ity,11250184.22,5912242.05,5337942.17,4.39
Zimtechno,14268611.31,6773400.22,7495211.09,4.39
Tonbase,9536474.06,1372864.58,8163609.48,4.38
Famousknucklehead,9996205.19,5010013.31,4986191.89,4.38
Skyracket,12697080.96,1666758.12,11030322.84,4.38
Sawbeloved,8609333.82,3173018.93,5436314.89,4.37
Errantplastic,5998941.25,7222599.24,-1223657.99,4.37
Xx--Fase,9048980.94,3944876.72,5104104.23,4.37
Valvespoon,7290680.82,4411425.27,2879255.55,4.36
Cogstrip,9705673.26,6667371.66,3038301.6,4.36
Machinewarn,11548371.35,6091554.98,5456816.37,4.36
Riddledinfant,8368302.11,4054152.77,4314149.34,4.35
Moldsare,8527366.11,5442957.14,3084408.98,4.35
Marchedsausage,9620120.61,3370435.05,6249685.56,4.35
Freefase,11917472.96,4686876.44,7230596.52,4.35
Geoelectronics,10684182.94,7693562.95,2990619.99,4.35
Supremeimpress,9187955.89,4123466.0,5064489.89,4.34
Rosychoke,9153970.08,3408135.16,5745834.91,4.34
Clapperstrict,12998016.68,6201381.19,6796635.49,4.34
Createblender,9723829.31,5819265.05,3904564.25,4.34
Inchfind,10925194.47,6355052.31,4570142.16,4.33
Thrushetrundle,8111134.48,4721446.26,3389688.22,4.33
Gleanworn,10861214.27,9046498.05,1814716.22,4.33
Ikeamongolian,7165221.4,4505105.24,2660116.16,4.33
Miaowgrinder,7697469.18,5036678.99,2660790.19,4.33
Duotouch,8942315.05,3738983.7,5203331.35,4.33
Gravefan,10932711.9,2591819.72,8340892.18,4.33
Hoeforeach,8000248.05,1629028.98,6371219.06,4.32
Flexthirsty,6981025.96,3767851.71,3213174.26,4.32
Unterwalden,8887502.76,3895860.23,4991642.54,4.32
Taskspuzzled,9867551.25,2605135.34,7262415.91,4.32
Techis,10013930.61,2248352.74,7765577.86,4.32
Comatulid,9144081.96,1110198.78,8033883.18,4.32
Supernovafishing,6092673.79,2125780.18,3966893.61,4.32
Turbidimetry,11067223.02,8007770.93,3059452.09,4.31
Perfumegrown,7016449.07,1572577.15,5443871.92,4.31
Belaguerra,12387130.09,1387784.06,10999346.03,4.31
Interreges,9514604.62,2867024.47,6647580.15,4.31
Lotwee,8131490.71,6371665.1,1759825.6,4.3
Tanholdings,8156872.59,5309355.46,2847517.13,4.3
Stanquote,10421179.61,374815.55,10046364.06,4.3
Vivatam,9875707.87,1988166.18,7887541.69,4.3
Rinkmusic,11533497.72,7331420.5,4202077.22,4.3
Representpoppysmic,7143212.34,2901232.74,4241979.6,4.29
Tampware,9785981.6,2910756.2,6875225.39,4.29
Nescafeshameless,16100761.52,2453377.09,13647384.43,4.28
Smugready,9830236.59,1310857.22,8519379.37,4.28
Ima,11521257.21,4314708.21,7206549.0,4.27
Age,12386572.1,4138971.85,8247600.25,4.27
Tindex,12159972.52,4909604.34,7250368.18,4.27
Posseratty,9361117.73,1450080.33,7911037.41,4.27
Tambase,10141817.38,2394135.28,7747682.1,4.27
Nthracer,7748178.57,1068850.33,6679328.24,4.27
Inchkix,8724296.96,5427040.34,3297256.62,4.26
Kinlax,9380872.32,8212849.11,1168023.21,4.26
Amphithalamus,9354654.75,3922559.06,5432095.69,4.26
Pastpumpkin,11192434.83,1024624.36,10167810.47,4.26
Annoyinglyarabian,9898504.71,1665920.27,8232584.44,4.26
Masquerade,9954470.61,2131505.53,7822965.08,4.26
Canecorporation,10597009.1,5591188.97,5005820.12,4.26
Haulbittern,10104143.2,4177863.52,5926279.68,4.25
Hatvollex,7410580.88,5898202.49,1512378.39,4.25
Linetax,10091430.82,2907698.25,7183732.57,4.25
Snobcarrot,12164115.6,6555657.33,5608458.28,4.25
Urethrawell,9885102.55,7470553.77,2414548.78,4.23
Damzoom,7967309.31,3101168.07,4866141.25,4.23
Adaptiverolex,4885117.44,2127870.74,2757246.7,4.23
Fawningsaves,7048953.76,570976.04,6477977.71,4.22
Kittensteller,12398856.13,5853833.1,6545023.03,4.22
Codelane,10923981.39,5440401.93,5483579.45,4.22
Citydrill,9400602.66,6708065.6,2692537.06,4.21
Crystringed,10245078.34,3649279.66,6595798.68,4.21
Tancode,10506061.01,5204073.7,5301987.31,4.21
Subflex,11205062.88,4368200.09,6836862.78,4.2
Touchyopposite,7875854.65,5508952.81,2366901.85,4.2
Blueshiftcrispy,9642188.59,6823454.86,2818733.74,4.2
Handlersthroated,11592541.31,3987940.61,7604600.7,4.2
Moviespotter,9849518.96,1786744.4,8062774.56,4.2
Ibexecheeks,9897384.06,5579893.76,4317490.3,4.2
Cantonlux,9922154.79,1888735.19,8033419.6,4.19
Appliesoverrated,12506421.46,3726978.97,8779442.49,4.18
Profilecliche,9398668.0,3333103.31,6065564.69,4.18
Dalthow,10800718.18,5731820.14,5068898.05,4.18
Indonesianheliopause,8703595.42,6649913.75,2053681.67,4.18
Lamlax,10016294.53,3263194.01,6753100.52,4.18
Zot-Lam,7491025.92,5281745.46,2209280.46,4.17
Crushingguatemalan,6834182.61,4821152.04,2013030.57,4.17
Federalistic,8108369.95,6471604.24,1636765.71,4.17
Kayplus,10855879.42,4611400.34,6244479.08,4.17
Latfan,8396546.01,1851054.22,6545491.79,4.17
Scarletcheeses,7376103.32,4446638.52,2929464.79,4.16
Freshtechno,10603211.16,6075481.86,4527729.3,4.16
Konkdom,14001604.14,1306966.56,12694637.59,4.16
Konktouch,5720259.49,4434900.58,1285358.9,4.16
Splintstea,9548810.0,2121491.0,7427319.0,4.16
Testingear,10651147.84,4539151.33,6111996.51,4.15
Radonspoonbill,7989604.37,1486139.57,6503464.8,4.15
Trappedvia,9599201.41,1907711.37,7691490.03,4.15
Geometrycrane,7273494.56,436039.14,6837455.42,4.15
Yearla,10838442.12,5327157.97,5511284.15,4.15
Condemnedgenuine,8998948.05,3222421.55,5776526.49,4.15
Aspic,8498414.15,4645616.75,3852797.4,4.14
Fax-Street,5436616.07,6175332.45,-738716.37,4.14
Intermitted,6459796.36,3034715.54,3425080.83,4.14
Saotaxon,8440576.08,5383015.17,3057560.91,4.14
Prunewatchful,8369263.1,1880427.64,6488835.46,4.13
Overviewparrot,9134728.24,5152110.43,3982617.81,4.13
Stupidarboreal,11435361.93,5130873.55,6304488.38,4.13
Lipped,8275051.38,2682893.67,5592157.71,4.12
Estermourn,7740138.14,5303733.75,2436404.38,4.12
Teenagean,7338571.01,5388720.66,1949850.35,4.12
Boundextrasmall,8838341.18,4521157.88,4317183.3,4.11
Formulasbreathless,10683526.93,5310234.21,5373292.71,4.11
Lardassare,8758325.58,487246.4,8271079.17,4.11
X-Care,4454455.08,1270279.93,3184175.15,4.1
Silkiness,6017023.42,5742810.92,274212.5,4.09
Technostreet,4749093.52,6620300.85,-1871207.33,4.09
Streetelectrics,7418921.81,2890718.66,4528203.16,4.09
Bindauthorized,9444651.73,1211122.66,8233529.07,4.09
Bignamjob,8326486.29,5705074.53,2621411.75,4.08
Ranktech,10515556.67,6439383.96,4076172.71,4.08
Exilarch,6957904.23,4161452.22,2796452.01,4.08
Abusivebong,8543320.91,3841434.5,4701886.4,4.07
Presslute,10618249.06,4669809.87,5948439.2,4.07
Mustermilk,7635520.77,1545810.77,6089710.01,4.07
Mathassertive,5804178.21,3549634.76,2254543.45,4.07
Zenware,9590885.94,1692982.07,7897903.87,4.06
Stimulusbison,7646747.78,4620772.69,3025975.08,4.06
Mathcorporation,2663591.0,5507260.98,-2843669.98,4.06
Implorer,9321475.17,7633954.93,1687520.24,4.06
Nakedshrapnel,11916827.93,3879436.06,8037391.87,4.06
Itquadlab,8198521.64,6950350.5,1248171.15,4.06
Cityla,6104274.9,5135359.23,968915.67,4.06
Konktraxbam,12504779.59,4682545.07,7822234.52,4.06
Bushoil,10139869.78,5024686.66,5115183.12,4.05
Filletsstrategy,9737923.79,2738355.22,6999568.57,4.05
Arabianagena,11941632.28,4887651.64,7053980.64,4.05
Charlesresearcher,7156172.12,5174937.21,1981234.91,4.05
Islotfind,6498254.66,1639880.13,4858374.53,4.04
Jobin,8001018.99,5356279.26,2644739.73,4.04
Groovecane,6811167.82,3560343.36,3250824.47,4.04
Holdelongation,10885081.09,4794983.82,6090097.26,4.04
Stattechno,6619705.23,7082935.87,-463230.65,4.03
Solotechi,7660262.19,5252533.4,2407728.78,4.03
Wealthabounding,5463764.89,2191140.01,3272624.88,4.02
Sootycrushing,12352261.7,6195130.05,6157131.65,4.02
Truelane,6071997.25,4171805.47,1900191.77,4.02
Villatouch,8010737.02,4271887.07,3738849.95,4.01
Konkin,8397676.54,753444.07,7644232.47,4.01
Toughcare,10429628.75,5796074.86,4633553.9,4.0
Quotelane,9227504.31,3282018.33,5945485.98,4.0
Bonfirefailing,12399629.66,3396475.95,9003153.72,3.98
Hexzoomity,10319636.48,3863890.17,6455746.31,3.98
Puncturecorona,10108404.64,2813781.3,7294623.35,3.97
Improvelonely,5977212.49,462544.92,5514667.57,3.97
Librationmelba,9053058.01,5883007.69,3170050.33,3.97
Colouredrecipe,8884716.86,5663096.4,3221620.47,3.97
Moleculecircle,11094660.64,1026547.89,10068112.74,3.97
Wideeyedtempting,9380076.8,3593889.6,5786187.2,3.96
Cherriesplump,9503958.93,3757806.73,5746152.19,3.96
Fixlatcare,9349818.41,634360.3,8715458.12,3.96
Thalliumwould,5708327.22,8866642.38,-3158315.17,3.96
Samsungclimbing,10239914.83,5575607.53,4664307.3,3.95
Bluetexon,7685910.31,8350912.69,-665002.39,3.95
Ozer-Dox,9621470.85,4759243.36,4862227.48,3.95
Ahemparticular,12367661.07,4908512.38,7459148.69,3.94
Reveredtogether,10614891.87,4960210.05,5654681.82,3.94
Surroundoutrageous,11580397.81,2324621.68,9255776.13,3.94
Vol-Con,10562148.67,5950026.26,4612122.4,3.94
Singlefind,11725678.58,4944683.58,6780995.0,3.94
Witchesesteemed,8087058.59,5889203.49,2197855.1,3.94
Nimlux,5753213.33,3117205.63,2636007.7,3.94
Monitoringhaflinger,7322285.76,7603731.58,-281445.83,3.93
Adequateness,10175411.89,3750455.37,6424956.52,3.93
Doublelane,9526169.62,3633056.6,5893113.02,3.93
Vaiaelectronics,9055902.88,6349124.52,2706778.36,3.92
Hypergalaxypegasus,9127758.76,2005195.4,7122563.35,3.92
Todaypatches,10397766.89,3073595.57,7324171.33,3.92
Haystreet,7161498.16,6702625.92,458872.24,3.92
Roastjittery,9006368.63,4505334.53,4501034.1,3.92
Inventtremendous,9144856.6,4755994.87,4388861.73,3.92
Dandrill,9834142.74,3110144.02,6723998.72,3.91
Squeezebasement,6681593.63,6852682.33,-171088.7,3.91
Silicon-Hex,8442981.89,4760361.86,3682620.03,3.91
Spanquadin,10820182.98,6501246.35,4318936.64,3.91
Muttonmint,9974454.43,6387202.5,3587251.93,3.9
Aldabaranbox,7354077.19,5230774.3,2123302.89,3.9
Medunoway,9849066.98,1454546.35,8394520.63,3.9
Feavar,9731617.57,4551816.4,5179801.17,3.89
Launchbiggest,9169187.31,3850630.91,5318556.4,3.89
Sidedmisty,5718760.25,3318166.64,2400593.61,3.89
Hatelectronics,9145449.94,6303001.73,2842448.21,3.89
Goodhouse,9833219.75,5667424.69,4165795.06,3.88
Costvicious,9614064.19,3752596.38,5861467.81,3.87
Oraclemend,11043820.57,8701267.09,2342553.49,3.87
Voyadexon,8913061.18,6763554.39,2149506.79,3.87
E-Tex,11295163.22,3974720.82,7320442.4,3.87
Abaftpractised,8151016.18,4306925.84,3844090.34,3.86
Grapegraves,11337320.64,6350095.72,4987224.93,3.86
Sail-Lam,8540290.02,5523000.8,3017289.22,3.86
Beltssneering,8798280.5,6617272.78,2181007.72,3.86
Scullianpinwheel,15188112.88,3623068.69,11565044.18,3.86
Dongcom,12477085.41,2772159.12,9704926.29,3.86
Zonhigh,7723684.15,4498098.99,3225585.15,3.85
Spamfake,10489660.23,2991462.1,7498198.13,3.85
Ribpunish,9489161.34,5624903.29,3864258.05,3.85
Technoline,9069261.62,5346509.16,3722752.46,3.84
Initialhorseman,5673114.51,1927956.98,3745157.53,3.83
Refertilization,10064296.78,4498838.82,5565457.96,3.83
Indignantant,8744403.87,2803618.11,5940785.76,3.83
Tran-It,8276019.09,1473618.02,6802401.07,3.82
Minstrelhood,12046981.74,4672033.63,7374948.11,3.82
Siftercockamamie,12691389.3,2498398.43,10192990.87,3.82
Sailtech,5543509.14,4474646.71,1068862.43,3.82
Pinterestcrannies,9709908.05,2896081.73,6813826.31,3.82
Parhelion,8157679.24,7451572.5,706106.74,3.8
Pickledcanoeing,9654195.7,6460233.98,3193961.72,3.8
Australisbetter,11078803.86,3006435.33,8072368.53,3.8
Hayfan,9678127.07,4001114.4,5677012.67,3.8
Toughace,8807922.8,5208780.61,3599142.2,3.79
O-Tindax,6747854.97,2343975.47,4403879.49,3.78
Shovelerablaze,6014863.89,3570801.03,2444062.87,3.78
Barmpotfishified,10213365.49,5045210.12,5168155.37,3.77
Pyretic,9633733.51,4532743.77,5100989.74,3.77
Labam,8124115.52,5173904.24,2950211.28,3.77
Lanelex,9106109.58,3351684.52,5754425.06,3.76
Ballerpaint,4675145.03,3249689.52,1425455.51,3.76
Fixquadtech,8299901.38,4968473.88,3331427.51,3.75
Solsticeaudio,10544309.4,4248731.69,6295577.72,3.75
Canunoice,6978994.67,4814151.66,2164843.01,3.75
Daltfase,11410628.36,6196409.02,5214219.33,3.75
Novelfollicle,9028550.05,4379096.92,4649453.13,3.75
Smokingwidgeon,9987136.28,3868138.37,6118997.92,3.74
Powerlinnet,7854033.28,1709945.4,6144087.88,3.74
Tripplehow,8992759.41,5398171.54,3594587.87,3.74
Voltech,11211911.01,5213751.21,5998159.8,3.74
Skywalkerwhether,9375557.4,1543571.69,7831985.71,3.74
Chockscruffy,9018702.11,2692150.38,6326551.73,3.73
Cleavagesling,12902155.84,1267421.84,11634734.0,3.73
Corylisten,8625291.85,7718965.6,906326.26,3.73
Scoreboardchaos,8595811.58,7065343.23,1530468.35,3.72
Lexinamex,13058157.3,4403888.23,8654269.06,3.72
Gogofan,7826432.68,5608634.53,2217798.14,3.72
Exactmunch,4723332.22,6956848.64,-2233516.43,3.72
Interestingness,13849334.46,5178766.98,8670567.48,3.71
Unemancipated,10292359.16,4415566.33,5876792.83,3.71
Tamtex,11205036.37,2840144.08,8364892.3,3.7
Lisppanel,8827387.23,2975434.04,5851953.19,3.69
Donjob,12439694.65,7039095.88,5400598.77,3.69
Toolsavagery,8942107.06,4491305.44,4450801.62,3.69
Putmovement,11002468.17,984696.28,10017771.88,3.69
Sumzoomit,8429576.89,7703651.95,725924.94,3.69
Jobzencane,8482410.82,2379902.98,6102507.84,3.68
Cyaneous,7914721.54,7818648.63,96072.91,3.68
Comparejson,12359531.94,6527308.26,5832223.67,3.68
Unforegone,9732370.49,5236510.95,4495859.54,3.68
Waggerhooves,8222254.42,4879893.11,3342361.32,3.68
Itemswazzed,8893687.8,1417655.96,7476031.84,3.68
Proteincosines,8304317.97,6770283.27,1534034.7,3.68
Quocan,7835460.38,5613470.49,2221989.9,3.67
Wackparticle,6265704.85,384883.37,5880821.48,3.67
Fibrillar,6985440.3,3809634.89,3175805.42,3.66
Angolanbronco,6980427.74,3436713.1,3543714.64,3.66
Soddenfurther,7243036.48,4517857.16,2725179.32,3.65
Rehoting,8090625.43,5455657.43,2634968.0,3.65
Coiledsheriff,3367964.46,2639512.5,728451.97,3.65
Nomarchy,14102177.39,1485994.51,12616182.88,3.64
Ganjadox,9834266.38,3615766.39,6218499.99,3.64
Temp-Holdings,10353055.27,4798186.41,5554868.86,3.64
Vapourmammering,11999541.9,3644199.67,8355342.23,3.64
Coatforked,10626672.11,243956.08,10382716.03,3.63
Sireunit,9827577.35,4747816.87,5079760.48,3.63
Discreetcorrosive,7307498.24,6648408.02,659090.22,3.62
Openjocon,11374342.89,4273206.77,7101136.12,3.62
Silit,10692410.67,7777972.22,2914438.45,3.62
Turner,8133036.78,3651825.71,4481211.07,3.62
Vilamedia,8605926.1,3454719.15,5151206.95,3.62
Lampadaire,11973936.96,7655546.96,4318390.0,3.61
Westminster,9861651.65,7245126.24,2616525.41,3.61
Getable,9043049.1,5763238.21,3279810.89,3.61
Techline,8898119.1,5470303.34,3427815.76,3.61
Shapelessunits,7686484.41,5238627.36,2447857.05,3.61
Incon,12433990.84,1149020.18,11284970.65,3.61
Overlane,7200054.86,4151686.59,3048368.27,3.6
Needlesbosnian,11671478.08,3144844.67,8526633.4,3.6
Indigocon,8538212.21,2306246.44,6231965.77,3.6
Nickedexaggerate,10547040.88,2668110.33,7878930.56,3.6
Kanware,7402217.48,2519702.08,4882515.4,3.59
Vacuolesonerous,7747377.62,5198669.49,2548708.13,3.58
Zimholding,8905706.11,405045.39,8500660.71,3.58
Starbuckslyra,11927694.45,3541736.48,8385957.96,3.58
Unexotically,8669802.3,4919209.16,3750593.14,3.58
Cranegreatest,7127741.83,9198206.33,-2070464.5,3.58
Crashingsubmitted,8978176.51,2824137.33,6154039.18,3.58
Trestouch,10512432.65,2267715.09,8244717.56,3.57
Karatedistance,8445834.38,5221833.46,3224000.92,3.57
Toughway,11442135.53,5291056.1,6151079.42,3.57
Contandax,9068409.21,2665064.68,6403344.53,3.57
Pendulumfriction,10190851.2,2487992.89,7702858.31,3.57
Manchuria,7307945.07,4408821.43,2899123.64,3.56
Ganzgreen,6598854.12,4602001.84,1996852.29,3.56
Tres-How,7028879.61,2870972.65,4157906.96,3.56
Skillscurve,10163562.18,5931251.38,4232310.8,3.56
Dolomitizing,6397853.28,3516130.77,2881722.51,3.56
Mathstrip,10236594.08,4788684.12,5447909.96,3.56
Nohitterright,9910196.64,5085849.67,4824346.98,3.56
Pointchough,6059869.66,4986520.34,1073349.32,3.56
Swedenborgism,10379241.52,5949929.1,4429312.41,3.55
Renaloutspoken,4679889.98,6902638.99,-2222749.01,3.55
Bookingchildish,7840238.5,3348650.16,4491588.34,3.54
Goodtex,13118996.24,8860686.06,4258310.18,3.54
Treslam,3387469.45,4127983.72,-740514.27,3.54
Iscom,8027657.62,5221158.42,2806499.2,3.53
Bloodhoundthin,13712278.93,2837398.62,10874880.31,3.53
Rawfishcomplete,8624949.48,4951177.73,3673771.75,3.53
Tempbam,9980590.79,6089129.66,3891461.12,3.53
Fermiumdessicants,7750699.36,5018640.62,2732058.73,3.53
Quozap,9304479.81,7019973.12,2284506.69,3.53
Perfumedkink,7156227.43,4692120.18,2464107.24,3.53
Golliwogg,4944082.71,3254899.25,1689183.46,3.52
Zamfax,9886455.3,320669.26,9565786.04,3.52
Blouseinsoluble,7713376.32,3018423.97,4694952.35,3.52
Iceice,6352466.04,455581.1,5896884.94,3.52
Falbala,13880376.08,6266037.29,7614338.78,3.52
Hiding,8525468.95,4431488.83,4093980.12,3.52
Cancone,10411904.41,4286747.16,6125157.25,3.51
Assurehelp,10019550.58,4004040.01,6015510.57,3.51
Avogadroethanoate,10926953.81,4191046.22,6735907.6,3.51
Efferentfinished,5449870.41,140030.15,5309840.26,3.51
Interpaving,11765508.08,3344671.65,8420836.42,3.51
Adenohypophysis,8241404.39,3305523.45,4935880.94,3.51
Graphicchlorine,8510889.23,6103413.29,2407475.94,3.51
Kestrelpumpion,7023856.69,6453819.75,570036.94,3.51
Lamlex,6110188.59,4669174.66,1441013.93,3.5
Whinchatdates,7475092.39,1097499.25,6377593.14,3.49
Scotzone,10784955.02,3735555.51,7049399.51,3.49
Initialbricklayer,8583181.69,5503515.06,3079666.63,3.49
Swordsbubble,10512763.23,4987015.33,5525747.91,3.48
Ethanoicgreenish,9998904.5,1280397.59,8718506.91,3.48
Largestugly,9768948.24,4380184.27,5388763.97,3.48
Centerbarriers,6603581.23,2365703.59,4237877.64,3.48
Sculptorjelly,10875181.28,3868631.06,7006550.22,3.47
Donelectronics,8109638.25,2313289.24,5796349.01,3.47
Requote,5994715.39,4947863.8,1046851.59,3.47
Adarabarr,8315625.56,1791180.31,6524445.25,3.47
Anodisingcrimp,5793625.78,7634479.6,-1840853.82,3.47
J-Unafase,2835717.46,5071218.99,-2235501.53,3.47
Konkex,8634426.9,5850781.33,2783645.57,3.46
Sweater,9127416.05,3014081.13,6113334.92,3.46
Pausehydrocarbon,6759408.88,2250021.64,4509387.24,3.45
Lowdirect,7112290.18,8691187.57,-1578897.39,3.44
Deliciousgeometry,11864251.18,2661258.23,9202992.95,3.44
O-Dax,12919390.75,3666990.0,9252400.75,3.44
Latvianemployment,7914058.84,1729823.43,6184235.4,3.44
Bumhercules,6426676.18,6910968.3,-484292.12,3.44
Matcapillary,10056895.21,5293164.2,4763731.01,3.43
Solocone,12658909.94,4501132.98,8157776.96,3.43
Groovetrans,5882233.35,5146353.03,735880.32,3.42
Tampqvotex,9536891.5,4240627.44,5296264.06,3.42
Freezehouses,8062367.57,4786821.41,3275546.16,3.41
Fintax,6527992.92,4132038.57,2395954.35,3.41
Kidneyedgalvanic,5670157.93,2714316.71,2955841.23,3.4
Yeartechno,12883295.84,6664374.09,6218921.76,3.4
Fase-Bam,10574342.05,2146254.75,8428087.3,3.39
Handgunheard,7223462.65,3608916.82,3614545.83,3.39
Kayelectronics,9451942.98,1878113.23,7573829.75,3.39
Granolabooby,6756153.07,7183551.98,-427398.9,3.39
Zamhouse,7543695.42,6561021.32,982674.11,3.39
Dongstreet,7042297.21,6903334.17,138963.04,3.38
Grippingcar,8394340.08,7198862.04,1195478.04,3.38
Admitruppell,9375526.36,1511585.86,7863940.5,3.38
Annoyhog,12729197.65,5494846.62,7234351.03,3.37
Lambetech,11150780.95,1321627.68,9829153.26,3.37
Techitom,13245600.65,2667573.13,10578027.52,3.37
Phystouch,9530024.96,847469.77,8682555.19,3.36
Unsported,9792270.96,4604323.58,5187947.37,3.36
Clawasked,10883702.9,5267074.97,5616627.92,3.36
Techhigh,9681671.41,5999660.49,3682010.91,3.35
Liripoopquean,6129971.24,2398306.89,3731664.35,3.35
Elderlyhair,8522264.53,6555897.1,1966367.43,3.35
Dishesbitten,2631234.78,1938472.5,692762.28,3.35
Zathline,9738857.5,4398322.8,5340534.69,3.35
Nimvivafind,9605854.82,4632246.8,4973608.02,3.34
D-Is,8374282.55,2857915.66,5516366.89,3.34
D-Ace,13645814.42,6258489.02,7387325.4,3.34
Over-Hex,10684526.9,1130700.06,9553826.84,3.34
Dento-Fix,7075543.55,6812829.23,262714.32,3.33
Citytrax,8891038.47,2784970.95,6106067.51,3.32
Opedrill,7789730.11,2039850.33,5749879.78,3.32
Obclavate,7859827.65,2990441.62,4869386.03,3.31
Sub-Fan,7178217.49,4916736.72,2261480.78,3.31
Reelingrebel,7334119.4,2224268.29,5109851.11,3.31
Ericssonsafe,4844388.94,6503652.05,-1659263.12,3.3
Infieldercub,7599716.23,1356437.9,6243278.34,3.3
Neodymiumscandalous,8022421.36,4248247.4,3774173.97,3.3
Xn-Media,7863279.02,3975968.19,3887310.82,3.3
Smartpans,13569436.57,6803825.68,6765610.89,3.29
Thready,10999283.38,3786778.64,7212504.73,3.29
Picklescrudivore,9295570.9,563500.24,8732070.66,3.29
Clerkhusky,4477734.44,4940211.26,-462476.82,3.27
Hatsaotam,6028951.86,2910331.13,3118620.73,3.27
Reinforceputtock,5890468.14,2263511.88,3626956.26,3.27
Splashnuts,11004547.39,3182828.57,7821718.82,3.27
Gelatinmonths,7274544.3,3612740.75,3661803.55,3.26
Conin,9903489.35,6042544.62,3860944.73,3.26
Thinkableexecute,8826668.36,3659846.36,5166822.0,3.26
Acutematrices,11000642.42,1347472.04,9653170.37,3.25
Miaplacidusneuroma,6439390.58,8251925.13,-1812534.56,3.25
Outplan,7936183.0,5253020.61,2683162.39,3.25
Santechno,9604261.32,4917053.59,4687207.72,3.24
Tocantins,12330107.36,4296073.81,8034033.56,3.24
Epiphyll,8284586.66,893844.61,7390742.05,3.24
Flexlane,7733373.69,4666916.81,3066456.88,3.23
Zimlane,6329643.96,1716656.77,4612987.19,3.23
Bamtexon,12577935.67,4253254.3,8324681.37,3.21
Icezap,9235777.03,3361789.98,5873987.04,3.21
Sailbam,8219737.33,5224238.81,2995498.51,3.2
Numericpigeon,11494179.7,3090940.49,8403239.21,3.2
Suicided,7145863.0,4519467.19,2626395.81,3.18
Jayphase,6892054.05,4938867.36,1953186.69,3.18
Tonjob,6475261.38,4364774.96,2110486.42,3.18
Footshy,5275078.27,944661.06,4330417.2,3.18
Semipermeability,8928800.96,256985.13,8671815.83,3.18
Greenfax,7746272.07,1044375.49,6701896.58,3.17
Vaiatrax,10650059.02,1513134.48,9136924.54,3.17
Monotrichous,7203336.94,3660170.89,3543166.05,3.16
Consonantizing,10036465.65,3340144.06,6696321.59,3.16
Cateredsweep,9867522.49,3545234.38,6322288.12,3.16
Repartition,10236792.52,1117573.93,9119218.59,3.16
Linetouch,10514845.54,2342948.42,8171897.11,3.14
Cajoleavoidant,10771338.69,1185898.22,9585440.48,3.13
Fearwhimbrel,10637944.43,6238539.19,4399405.24,3.13
Ganzzap,6836806.51,6515504.66,321301.85,3.13
Bipedaldumbo,9003330.27,9897500.56,-894170.29,3.13
Saoace,10725585.46,2694644.42,8030941.04,3.12
Houryounger,5356146.69,5239405.97,116740.72,3.12
Pumpkinmothers,9837181.66,4500699.86,5336481.81,3.12
Strange,10651953.77,3451219.6,7200734.17,3.11
Clupeoid,8340093.88,4397741.05,3942352.83,3.11
Trapexperts,6788469.0,3214118.89,3574350.11,3.1
Preworthy,9845857.29,4895201.9,4950655.38,3.09
Ursastudying,4637646.96,415663.65,4221983.31,3.08
Scalptowhee,5503230.4,1830110.38,3673120.03,3.08
Chloridesfixation,10924845.59,4016500.12,6908345.47,3.07
Hotlane,7978332.2,4686573.62,3291758.58,3.07
Affinemisguided,10834604.68,1599685.15,9234919.53,3.07
Supportersfaint,10146901.99,3207273.24,6939628.76,3.07
Clocksgarrulous,10278001.14,3618266.12,6659735.02,3.07
Nerfheardercanapes,8914162.47,3139637.09,5774525.38,3.07
Receivedhorn,11460205.44,5078322.03,6381883.4,3.07
Suckedregister,9511234.89,3995152.32,5516082.57,3.07
Lidarcastor,8608984.2,1419811.82,7189172.39,3.06
Hatlane,8738359.78,6934957.46,1803402.33,3.06
Hookiest,4691132.81,5204052.72,-512919.91,3.06
Greaseperform,10763212.15,4985636.17,5777575.98,3.06
Stripfind,10329371.27,2916455.2,7412916.07,3.05
Februaryvanadium,7775649.91,5531003.71,2244646.2,3.05
Zer-Plus,6848689.72,7240163.82,-391474.11,3.05
Cockamamieergot,7914630.75,6333864.61,1580766.14,3.04
Zotcare,10249518.01,1261500.65,8988017.36,3.03
Weepingwhisky,9779554.89,4950688.61,4828866.28,3.02
Zunremlane,9102843.2,4973717.24,4129125.97,3.02
Goodace,7858270.99,3662576.19,4195694.8,3.02
Basetrax,9391015.09,1040662.46,8350352.63,3.02
Yawningcricket,12247617.92,5133189.82,7114428.1,3.01
Cankix,8719722.9,2513916.7,6205806.2,3.01
Highvivalux,5501719.44,867507.78,4634211.66,2.99
Collarbonebad,9426850.14,3974949.92,5451900.21,2.98
Foxwml,10072452.15,6335458.21,3736993.93,2.98
Inconduo,8822676.62,714458.56,8108218.06,2.98
Medbase,9695169.13,4473383.05,5221786.08,2.98
Bitwisegland,10490499.56,4210465.95,6280033.61,2.98
Ascendermogul,11490135.47,4083093.26,7407042.21,2.98
Bobcheek,11525726.76,2217638.42,9308088.34,2.97
Knock,8157191.02,4602535.09,3554655.92,2.97
Roundgreen,7002831.87,2338662.55,4664169.31,2.97
Broadboiled,8910974.42,6219992.41,2690982.01,2.96
Remedia,8687894.78,5578394.62,3109500.16,2.95
Chadhelpful,5462149.41,3738581.38,1723568.03,2.95
Voltstreet,7427780.65,2080671.46,5347109.19,2.95
Kickminstrel,9479115.94,3100573.41,6378542.53,2.95
Zim-Fan,8236758.26,2939013.57,5297744.69,2.95
Scornsomalian,8766713.99,2052276.42,6714437.57,2.94
Unconsoling,11561482.03,1735276.5,9826205.53,2.94
Valuesbilled,8214550.1,7479812.51,734737.59,2.94
Gravetrax,7223567.09,2492629.39,4730937.7,2.93
Gemsubmit,9852787.59,4357655.71,5495131.88,2.93
Dessertsmugger,7463326.35,1774638.07,5688688.27,2.93
Zathtone,9953758.93,4069680.82,5884078.11,2.92
Stayspheroid,8174922.79,1093253.64,7081669.16,2.92
Aldineammonium,12263253.18,2195786.61,10067466.56,2.91
Dwindlecertain,14146989.72,7289795.29,6857194.43,2.91
Consistapplies,8662983.61,2441616.83,6221366.78,2.91
Forearmblade,10768817.72,3279305.63,7489512.09,2.9
Barest,8727308.13,6270509.13,2456799.0,2.89
Drunkactually,7181920.78,4294121.07,2887799.72,2.89
Silicontrans,8006959.15,7564828.44,442130.71,2.89
Ritelepus,6662326.12,4932725.52,1729600.6,2.89
Triojob,7403632.88,667051.04,6736581.85,2.87
Practisemax,9426356.73,4157735.3,5268621.43,2.86
Visitorglands,5872469.76,6628488.73,-756018.97,2.86
Ganzhouse,13877422.82,5878551.72,7998871.1,2.86
Soulfulantigravity,10954008.73,4886199.95,6067808.77,2.85
Bittenwheat,8311363.53,6363461.03,1947902.5,2.84
Lattechi,10285547.75,1453319.37,8832228.38,2.84
Hottom,10381783.62,2093538.23,8288245.39,2.84
E-Zim,8746450.9,4762319.44,3984131.46,2.84
Tontam,7635931.7,7119416.21,516515.5,2.84
Goldenin,8542417.32,2710319.82,5832097.5,2.84
Winepizz,7712286.82,5307274.02,2405012.8,2.83
Gianttempting,7713147.76,6486426.78,1226720.98,2.82
Sounderfibber,9727739.66,6403759.44,3323980.22,2.81
Dewflags,8844903.31,2962054.46,5882848.84,2.81
Exteriorknowing,5331296.42,3770865.29,1560431.13,2.81
Lambdafortunate,8475309.67,5259295.08,3216014.59,2.8
Thiocyanate,5557477.14,4357427.0,1200050.15,2.79
Offerbe,9658548.38,4762160.92,4896387.45,2.79
Fluetruffles,10848452.66,5506035.71,5342416.95,2.79
Vaia-Dax,10345434.51,4113501.81,6231932.7,2.78
Unsurmountable,9215507.98,4262906.04,4952601.94,2.78
Alphalex,9423616.52,2248331.18,7175285.33,2.78
Positiveneptunium,7708852.18,6223234.39,1485617.79,2.77
Wiggakintail,8713642.19,3796676.04,4916966.16,2.76
Pursuitsskewer,8731776.22,887657.74,7844118.49,2.75
Follyslushy,10114085.91,4481516.53,5632569.38,2.75
Mincemeatcontroller,11188123.11,1955490.48,9232632.63,2.75
Dowdyweanling,10893126.12,2374601.88,8518524.25,2.74
Potatoeswabbit,10542009.15,6196354.72,4345654.43,2.74
Shuffleelse,7510279.05,5819665.82,1690613.22,2.73
Lacorporation,6152561.08,4897146.34,1255414.75,2.73
Dentoing,11595134.86,5645413.12,5949721.74,2.72
Triolane,6879765.69,3371795.8,3507969.89,2.72
Comisbeard,3487834.99,1638707.44,1849127.55,2.72
Y-Way,6932466.65,2080260.1,4852206.55,2.71
Peardinner,12251296.0,4595020.55,7656275.45,2.71
U-Holdings,9810312.23,2528980.66,7281331.57,2.7
Glazetwang,9864586.26,1188168.99,8676417.27,2.7
Unrebuilt,5422082.65,4666039.64,756043.01,2.7
Fixcan,12184060.71,4600155.91,7583904.8,2.69
Domtexon,11117455.44,4483508.37,6633947.07,2.69
Vivaex,9398946.71,447105.03,8951841.68,2.69
Enterwaist,6858281.87,5159201.66,1699080.2,2.68
Fowlappraiser,8186375.8,4638213.36,3548162.43,2.68
Toughtam,8501568.34,371848.52,8129719.82,2.67
Preferencehistorical,9662083.0,5823472.17,3838610.83,2.67
Zonunocom,11006002.33,3275588.18,7730414.15,2.66
Blacktaxon,10274456.59,3752711.12,6521745.47,2.66
Oystergarrulous,9134075.57,3487397.82,5646677.75,2.66
Cormorantpassionate,7966059.53,4821597.96,3144461.57,2.64
Ridglingshod,8293498.18,6165132.77,2128365.42,2.64
Quotedax,8984621.31,6227869.4,2756751.91,2.64
Raisinscotta,10393471.01,6652795.67,3740675.33,2.63
Machinepond,10213584.0,1465595.88,8747988.12,2.62
Scotstrip,10120892.13,125634.96,9995257.17,2.62
Rednimdox,7305864.89,3601876.67,3703988.22,2.61
Planetice,10757723.78,4782077.44,5975646.34,2.61
Tessiture,7389235.97,4036130.49,3353105.48,2.61
Planetholdings,6449228.02,7700336.58,-1251108.56,2.6
Tausnash,6554612.19,4727267.12,1827345.08,2.6
Fowlwagger,12011988.13,3177853.95,8834134.18,2.6
Protractile,8398614.87,3834886.35,4563728.52,2.6
Hexhouse,11221740.03,1885809.59,9335930.43,2.58
Statuesquelook,6842693.9,1551580.18,5291113.71,2.58
Drudgelepe,8786458.9,4375918.93,4410539.97,2.57
Ganjatam,11195183.47,5170146.75,6025036.72,2.56
Volzoom,10218546.91,5081915.86,5136631.06,2.56
Trisbam,7201917.94,1155785.98,6046131.96,2.56
Cometscasting,5041968.93,3293813.72,1748155.22,2.55
Zun-Trax,7732190.12,4437654.7,3294535.42,2.55
Acclaimedcirl,4484094.87,4177190.6,306904.27,2.53
Resolvingadaptation,8457045.4,4109589.89,4347455.51,2.53
Fablescraper,9515666.04,5424688.48,4090977.56,2.52
Namdom,9362410.7,2544306.63,6818104.07,2.51
Zimkeyfind,6732003.38,7459279.2,-727275.81,2.51
Decoratorsdecipher,8982357.79,3820510.5,5161847.29,2.51
Viatechno,7575220.86,1296576.54,6278644.33,2.5
Vivadom,6190811.62,3656514.11,2534297.51,2.5
Vilahouse,8662252.52,7543897.28,1118355.24,2.47
Trogleguarantee,7882725.88,3769433.57,4113292.31,2.44
Vertextractor,6092908.81,8516661.23,-2423752.42,2.44
Unvibrant,7110958.2,2340753.46,4770204.74,2.43
Hallsshotgun,6874728.25,442275.44,6432452.81,2.43
Zottex,9237032.11,6461790.44,2775241.67,2.42
D-Fincode,8368125.49,4159950.42,4208175.08,2.42
Hayit,8173549.94,3361840.57,4811709.36,2.42
Grammatical,10090617.05,4085716.8,6004900.25,2.41
Dashedcompounds,7791846.33,7879017.69,-87171.36,2.39
Scotphase,8069233.11,6229960.44,1839272.67,2.39
Boxhaul,10007428.82,1453487.93,8553940.89,2.38
Wareplanet,10344137.54,4159307.14,6184830.4,2.38
Jayquote,9318364.4,1738822.26,7579542.14,2.37
Waterka,6140424.08,5017011.75,1123412.33,2.35
Clunk,9976024.89,3236506.28,6739518.61,2.35
Cutranked,7371888.4,3968735.44,3403152.96,2.34
Laboredshocked,12010459.5,1876605.82,10133853.68,2.33
Geometrygene,11360700.01,4422822.5,6937877.51,2.32
Girollesjones,7716840.73,2603879.47,5112961.26,2.31
Congolesegossip,8394129.55,6914338.67,1479790.88,2.31
Chirpskipping,10643313.8,3666733.26,6976580.54,2.3
Funrantex,10609755.55,963095.57,9646659.98,2.29
Hydrolytic,10172365.33,5976989.02,4195376.31,2.28
Geigerbeneficial,10470308.71,3499829.62,6970479.09,2.28
Pickyfive,9826722.82,4458447.47,5368275.35,2.27
Hexdom,5724413.05,4126153.78,1598259.27,2.25
Mathstreet,9150382.14,6266399.59,2883982.56,2.23
Buretteadmirable,10407450.46,2833135.99,7574314.48,2.23
Abstractedchocolat,7079562.18,4960266.46,2119295.72,2.22
Rubypituitary,13970069.38,3401639.81,10568429.57,2.21
Stylishhypothesis,10705546.23,3170937.89,7534608.34,2.2
Easterntwisted,8032071.63,4670257.6,3361814.02,2.19
Zimstrip,5908577.15,3106150.34,2802426.81,2.13
Expandcostgullible,9164882.88,7237383.41,1927499.47,2.1
Tempkix,7241641.57,4649989.96,2591651.61,2.09
Fixnummodus,9015237.66,3042567.5,5972670.16,2.08
Bouquetvolt,7736128.98,3667653.41,4068475.56,2.06
Unoline,11086523.65,5624599.99,5461923.66,2.03
Hatit,10935075.11,1818535.53,9116539.57,2.03
Fiercearc,3765092.04,4152827.11,-387735.07,2.01
Peamuddy,7933684.88,4925005.1,3008679.78,2.0
Icephase,8098200.9,6105205.25,1992995.66,1.98
Osmiumcrockery,8574592.78,443493.34,8131099.45,1.94
Magmarejoice,5894152.08,6401348.16,-507196.08,1.88
Befriendogle,13003636.5,1758424.97,11245211.53,1.85
Trisity,6918289.62,6344371.97,573917.65,1.84
Chinekogi,6899304.28,1745253.74,5154050.54,1.79
Loveboyle,9552888.52,3814136.67,5738751.85,1.78
Sub-Green,9382123.75,5574406.07,3807717.68,1.78
Beeftester,9305615.41,3316206.61,5989408.79,1.78
Glycopexis,9901620.0,3450711.94,6450908.06,1.77
Haycorporation,10212233.26,394322.96,9817910.3,1.75
Outspruing,11909916.98,5468575.21,6441341.78,1.74
Fatcoffle,9274105.08,4829429.73,4444675.36,1.65
Myceliumamniote,12851855.76,1829190.28,11022665.48,1.61
Portfolioeducated,9078519.49,6994753.12,2083766.37,1.6
Glyderrhombus,9487305.14,4217203.18,5270101.96,1.58
Dinggleeful,5925070.33,5021740.98,903329.35,1.55
Linkedallianz,6300572.16,8606412.32,-2305840.16,1.49
Rawchickenequip,5865322.61,4128305.31,1737017.3,1.39
Delusive,7760144.56,3252915.86,4507228.69,1.36
Keytouch,8597264.26,5649633.0,2947631.25,1.29
Dingalingflee,10896887.37,6187326.39,4709560.98,1.27
Serpentineappeals,9673933.83,3460147.18,6213786.65,1.25
Unimattax,9016542.89,804035.4,8212507.49,0.65
